Code_du_departement;Libelle_du_departement;Code_de_la_circonscription;Libelle_de_la_circonscription;Etat_saisie;Inscrits;Abstentions;Pourcentage_Abs_sur_Ins;Votants;Pourcentage_Vot_sur_Ins;Blancs;Pourcentage_Blancs_sur_Ins;Pourcentage_Blancs_sur_Vot;Nuls;Pourcentage_Nuls_sur_Ins;Pourcentage_Nuls_sur_Vot;Exprimes;Pourcentage_Exp_sur_Ins;Pourcentage_Exp_sur_Vot
1;Ain;1;1ère circonscription;Complet;85723;18592;21.69;67131;78.31;1154;1.35;1.72;393;0.46;0.59;65584;76.51;97.7
1;Ain;2;2ème circonscription;Complet;99383;19917;20.04;79466;79.96;1367;1.38;1.72;352;0.35;0.44;77747;78.23;97.84
1;Ain;3;3ème circonscription;Complet;81500;20440;25.08;61060;74.92;851;1.04;1.39;290;0.36;0.47;59919;73.52;98.13
1;Ain;4;4ème circonscription;Complet;94359;19826;21.01;74533;78.99;1299;1.38;1.74;474;0.5;0.64;72760;77.11;97.62
1;Ain;5;5ème circonscription;Complet;77144;18766;24.33;58378;75.67;970;1.26;1.66;394;0.51;0.67;57014;73.91;97.66
2;Aisne;1;1ère circonscription;Complet;72206;18597;25.76;53609;74.24;740;1.02;1.38;404;0.56;0.75;52465;72.66;97.87
2;Aisne;2;2ème circonscription;Complet;73111;20530;28.08;52581;71.92;772;1.06;1.47;403;0.55;0.77;51406;70.31;97.77
2;Aisne;3;3ème circonscription;Complet;66580;17358;26.07;49222;73.93;699;1.05;1.42;398;0.6;0.81;48125;72.28;97.77
2;Aisne;4;4ème circonscription;Complet;78699;22961;29.18;55738;70.82;681;0.87;1.22;1143;1.45;2.05;53914;68.51;96.73
2;Aisne;5;5ème circonscription;Complet;82948;21643;26.09;61305;73.91;875;1.05;1.43;480;0.58;0.78;59950;72.27;97.79
3;Allier;1;1ère circonscription;Complet;89193;20597;23.09;68596;76.91;1330;1.49;1.94;599;0.67;0.87;66667;74.74;97.19
3;Allier;2;2ème circonscription;Complet;80780;19459;24.09;61321;75.91;1207;1.49;1.97;649;0.8;1.06;59465;73.61;96.97
3;Allier;3;3ème circonscription;Complet;80018;18441;23.05;61577;76.95;1212;1.51;1.97;542;0.68;0.88;59823;74.76;97.15
4;Alpes-de-Haute-Provence;1;1ère circonscription;Complet;61692;13750;22.29;47942;77.71;691;1.12;1.44;315;0.51;0.66;46936;76.08;97.9
4;Alpes-de-Haute-Provence;2;2ème circonscription;Complet;66383;15540;23.41;50843;76.59;787;1.19;1.55;309;0.47;0.61;49747;74.94;97.84
5;Hautes-Alpes;1;1ère circonscription;Complet;59486;13601;22.86;45885;77.14;731;1.23;1.59;287;0.48;0.63;44867;75.42;97.78
5;Hautes-Alpes;2;2ème circonscription;Complet;54033;11756;21.76;42277;78.24;664;1.23;1.57;245;0.45;0.58;41368;76.56;97.85
6;Alpes-Maritimes;1;1ère circonscription;Complet;81800;24731;30.23;57069;69.77;603;0.74;1.06;354;0.43;0.62;56112;68.6;98.32
6;Alpes-Maritimes;2;2ème circonscription;Complet;88918;22495;25.3;66423;74.7;949;1.07;1.43;341;0.38;0.51;65133;73.25;98.06
6;Alpes-Maritimes;3;3ème circonscription;Complet;90956;26607;29.25;64349;70.75;789;0.87;1.23;342;0.38;0.53;63218;69.5;98.24
6;Alpes-Maritimes;4;4ème circonscription;Complet;85093;22600;26.56;62493;73.44;800;0.94;1.28;347;0.41;0.56;61346;72.09;98.16
6;Alpes-Maritimes;5;5ème circonscription;Complet;90651;24266;26.77;66385;73.23;847;0.93;1.28;843;0.93;1.27;64695;71.37;97.45
6;Alpes-Maritimes;6;6ème circonscription;Complet;79455;19323;24.32;60132;75.68;992;1.25;1.65;149;0.19;0.25;58991;74.24;98.1
6;Alpes-Maritimes;7;7ème circonscription;Complet;96983;24075;24.82;72908;75.18;995;1.03;1.36;255;0.26;0.35;71658;73.89;98.29
6;Alpes-Maritimes;8;8ème circonscription;Complet;83755;23166;27.66;60589;72.34;804;0.96;1.33;276;0.33;0.46;59509;71.05;98.22
6;Alpes-Maritimes;9;9ème circonscription;Complet;80971;20987;25.92;59984;74.08;771;0.95;1.29;1100;1.36;1.83;58113;71.77;96.88
7;Ardèche;1;1ère circonscription;Complet;79091;17492;22.12;61599;77.88;1016;1.28;1.65;495;0.63;0.8;60088;75.97;97.55
7;Ardèche;2;2ème circonscription;Complet;96207;19535;20.31;76672;79.69;1343;1.4;1.75;548;0.57;0.71;74781;77.73;97.53
7;Ardèche;3;3ème circonscription;Complet;80561;17087;21.21;63474;78.79;952;1.18;1.5;416;0.52;0.66;62106;77.09;97.84
8;Ardennes;1;1ère circonscription;Complet;70589;17569;24.89;53020;75.11;828;1.17;1.56;353;0.5;0.67;51839;73.44;97.77
8;Ardennes;2;2ème circonscription;Complet;60537;17593;29.06;42944;70.94;572;0.94;1.33;293;0.48;0.68;42079;69.51;97.99
8;Ardennes;3;3ème circonscription;Complet;55071;14206;25.8;40865;74.2;509;0.92;1.25;338;0.61;0.83;40018;72.67;97.93
9;Ariège;1;1ère circonscription;Complet;57253;11879;20.75;45374;79.25;745;1.3;1.64;352;0.61;0.78;44277;77.34;97.58
9;Ariège;2;2ème circonscription;Complet;61786;13149;21.28;48637;78.72;787;1.27;1.62;423;0.68;0.87;47427;76.76;97.51
10;Aube;1;1ère circonscription;Complet;64389;15771;24.49;48618;75.51;791;1.23;1.63;393;0.61;0.81;47434;73.67;97.56
10;Aube;2;2ème circonscription;Complet;74910;18476;24.66;56434;75.34;838;1.12;1.48;393;0.52;0.7;55203;73.69;97.82
10;Aube;3;3ème circonscription;Complet;66252;18137;27.38;48115;72.62;710;1.07;1.48;372;0.56;0.77;47033;70.99;97.75
11;Aude;1;1ère circonscription;Complet;98299;21769;22.15;76530;77.85;1039;1.06;1.36;540;0.55;0.71;74951;76.25;97.94
11;Aude;2;2ème circonscription;Complet;92254;22823;24.74;69431;75.26;942;1.02;1.36;486;0.53;0.7;68003;73.71;97.94
11;Aude;3;3ème circonscription;Complet;89374;18380;20.57;70994;79.43;981;1.1;1.38;541;0.61;0.76;69472;77.73;97.86
12;Aveyron;1;1ère circonscription;Complet;77960;15368;19.71;62592;80.29;1077;1.38;1.72;547;0.7;0.87;60968;78.2;97.41
12;Aveyron;2;2ème circonscription;Complet;69126;14198;20.54;54928;79.46;1005;1.45;1.83;580;0.84;1.06;53343;77.17;97.11
12;Aveyron;3;3ème circonscription;Complet;72382;14267;19.71;58115;80.29;997;1.38;1.72;527;0.73;0.91;56591;78.18;97.38
13;Bouches-du-Rhône;1;1ère circonscription;Complet;80868;23647;29.24;57221;70.76;739;0.91;1.29;311;0.38;0.54;56171;69.46;98.17
13;Bouches-du-Rhône;2;2ème circonscription;Complet;82418;22134;26.86;60284;73.14;637;0.77;1.06;241;0.29;0.4;59406;72.08;98.54
13;Bouches-du-Rhône;3;3ème circonscription;Complet;75283;25103;33.34;50180;66.66;583;0.77;1.16;215;0.29;0.43;49382;65.6;98.41
13;Bouches-du-Rhône;4;4ème circonscription;Complet;64319;22800;35.45;41519;64.55;416;0.65;1;173;0.27;0.42;40930;63.64;98.58
13;Bouches-du-Rhône;5;5ème circonscription;Complet;72839;21430;29.42;51409;70.58;629;0.86;1.22;237;0.33;0.46;50543;69.39;98.32
13;Bouches-du-Rhône;6;6ème circonscription;Complet;78015;24059;30.84;53956;69.16;596;0.76;1.1;264;0.34;0.49;53096;68.06;98.41
13;Bouches-du-Rhône;7;7ème circonscription;Complet;66637;27190;40.8;39447;59.2;353;0.53;0.89;198;0.3;0.5;38896;58.37;98.6
13;Bouches-du-Rhône;8;8ème circonscription;Complet;102475;25080;24.47;77395;75.53;1073;1.05;1.39;443;0.43;0.57;75879;74.05;98.04
13;Bouches-du-Rhône;9;9ème circonscription;Complet;100575;26316;26.17;74259;73.83;1059;1.05;1.43;386;0.38;0.52;72814;72.4;98.05
13;Bouches-du-Rhône;10;10ème circonscription;Complet;108586;24129;22.22;84457;77.78;1235;1.14;1.46;448;0.41;0.53;82774;76.23;98.01
13;Bouches-du-Rhône;11;11ème circonscription;Complet;91635;22385;24.43;69250;75.57;876;0.96;1.26;294;0.32;0.42;68080;74.29;98.31
13;Bouches-du-Rhône;12;12ème circonscription;Complet;94207;24376;25.87;69831;74.13;1059;1.12;1.52;295;0.31;0.42;68477;72.69;98.06
13;Bouches-du-Rhône;13;13ème circonscription;Complet;94155;25229;26.8;68926;73.2;978;1.04;1.42;530;0.56;0.77;67418;71.6;97.81
13;Bouches-du-Rhône;14;14ème circonscription;Complet;98757;23051;23.34;75706;76.66;996;1.01;1.32;382;0.39;0.5;74328;75.26;98.18
13;Bouches-du-Rhône;15;15ème circonscription;Complet;109062;23978;21.99;85084;78.01;1197;1.1;1.41;554;0.51;0.65;83333;76.41;97.94
13;Bouches-du-Rhône;16;16ème circonscription;Complet;91353;22909;25.08;68444;74.92;915;1;1.34;436;0.48;0.64;67093;73.44;98.03
14;Calvados;1;1ère circonscription;Complet;71988;15678;21.78;56310;78.22;757;1.05;1.34;298;0.41;0.53;55255;76.76;98.13
14;Calvados;2;2ème circonscription;Complet;68045;16399;24.1;51646;75.9;681;1;1.32;379;0.56;0.73;50586;74.34;97.95
14;Calvados;3;3ème circonscription;Complet;79595;19721;24.78;59874;75.22;872;1.1;1.46;409;0.51;0.68;58593;73.61;97.86
14;Calvados;4;4ème circonscription;Complet;104420;24211;23.19;80209;76.81;1013;0.97;1.26;489;0.47;0.61;78707;75.38;98.13
14;Calvados;5;5ème circonscription;Complet;92374;20320;22;72054;78;1045;1.13;1.45;407;0.44;0.56;70602;76.43;97.98
14;Calvados;6;6ème circonscription;Complet;95726;21470;22.43;74256;77.57;1179;1.23;1.59;589;0.62;0.79;72488;75.72;97.62
15;Cantal;1;1ère circonscription;Complet;62900;13188;20.97;49712;79.03;1045;1.66;2.1;479;0.76;0.96;48188;76.61;96.93
15;Cantal;2;2ème circonscription;Complet;52845;11831;22.39;41014;77.61;758;1.43;1.85;342;0.65;0.83;39914;75.53;97.32
16;Charente;1;1ère circonscription;Complet;83189;20104;24.17;63085;75.83;1012;1.22;1.6;464;0.56;0.74;61609;74.06;97.66
16;Charente;2;2ème circonscription;Complet;83497;19384;23.22;64113;76.78;1029;1.23;1.6;512;0.61;0.8;62572;74.94;97.6
16;Charente;3;3ème circonscription;Complet;90922;20421;22.46;70501;77.54;1252;1.38;1.78;764;0.84;1.08;68485;75.32;97.14
17;Charente-Maritime;1;1ère circonscription;Complet;110154;25894;23.51;84260;76.49;1136;1.03;1.35;454;0.41;0.54;82670;75.05;98.11
17;Charente-Maritime;2;2ème circonscription;Complet;111596;23463;21.02;88133;78.98;1386;1.24;1.57;571;0.51;0.65;86176;77.22;97.78
17;Charente-Maritime;3;3ème circonscription;Complet;83998;19532;23.25;64466;76.75;990;1.18;1.54;526;0.63;0.82;62950;74.94;97.65
17;Charente-Maritime;4;4ème circonscription;Complet;94217;21663;22.99;72554;77.01;1036;1.1;1.43;570;0.6;0.79;70948;75.3;97.79
17;Charente-Maritime;5;5ème circonscription;Complet;119237;25885;21.71;93352;78.29;1370;1.15;1.47;659;0.55;0.71;91323;76.59;97.83
18;Cher;1;1ère circonscription;Complet;71152;18800;26.42;52352;73.58;1025;1.44;1.96;308;0.43;0.59;51019;71.7;97.45
18;Cher;2;2ème circonscription;Complet;68912;19038;27.63;49874;72.37;907;1.32;1.82;324;0.47;0.65;48643;70.59;97.53
18;Cher;3;3ème circonscription;Complet;84506;21970;26;62536;74;1214;1.44;1.94;451;0.53;0.72;60871;72.03;97.34
19;Corrèze;1;1ère circonscription;Complet;92011;18184;19.76;73827;80.24;1333;1.45;1.81;752;0.82;1.02;71742;77.97;97.18
19;Corrèze;2;2ème circonscription;Complet;93021;20246;21.76;72775;78.24;1184;1.27;1.63;733;0.79;1.01;70858;76.17;97.37
2A;Corse-du-Sud;1;1ère circonscription;Complet;52148;19518;37.43;32630;62.57;487;0.93;1.49;1020;1.96;3.13;31123;59.68;95.38
2A;Corse-du-Sud;2;2ème circonscription;Complet;61770;22848;36.99;38922;63.01;643;1.04;1.65;541;0.88;1.39;37738;61.09;96.96
2B;Haute-Corse;1;1ère circonscription;Complet;61270;22091;36.06;39179;63.94;641;1.05;1.64;409;0.67;1.04;38129;62.23;97.32
2B;Haute-Corse;2;2ème circonscription;Complet;67844;26172;38.58;41672;61.42;822;1.21;1.97;468;0.69;1.12;40382;59.52;96.9
21;Côte-d'Or;1;1ère circonscription;Complet;69988;14344;20.49;55644;79.51;763;1.09;1.37;270;0.39;0.49;54611;78.03;98.14
21;Côte-d'Or;2;2ème circonscription;Complet;70982;15351;21.63;55631;78.37;897;1.26;1.61;312;0.44;0.56;54422;76.67;97.83
21;Côte-d'Or;3;3ème circonscription;Complet;72033;15492;21.51;56541;78.49;942;1.31;1.67;305;0.42;0.54;55294;76.76;97.79
21;Côte-d'Or;4;4ème circonscription;Complet;68376;14293;20.9;54083;79.1;878;1.28;1.62;365;0.53;0.67;52840;77.28;97.7
21;Côte-d'Or;5;5ème circonscription;Complet;85480;18406;21.53;67074;78.47;1097;1.28;1.64;399;0.47;0.59;65578;76.72;97.77
22;Côtes-d'Armor;1;1ère circonscription;Complet;91480;20230;22.11;71250;77.89;1167;1.28;1.64;521;0.57;0.73;69562;76.04;97.63
22;Côtes-d'Armor;2;2ème circonscription;Complet;103154;19886;19.28;83268;80.72;1277;1.24;1.53;661;0.64;0.79;81330;78.84;97.67
22;Côtes-d'Armor;3;3ème circonscription;Complet;88709;17554;19.79;71155;80.21;1189;1.34;1.67;645;0.73;0.91;69321;78.14;97.42
22;Côtes-d'Armor;4;4ème circonscription;Complet;80861;16530;20.44;64331;79.56;905;1.12;1.41;602;0.74;0.94;62824;77.69;97.66
22;Côtes-d'Armor;5;5ème circonscription;Complet;107548;22397;20.83;85151;79.17;1184;1.1;1.39;611;0.57;0.72;83356;77.51;97.89
23;Creuse;1;1ère circonscription;Complet;90946;21967;24.15;68979;75.85;1388;1.53;2.01;743;0.82;1.08;66848;73.5;96.91
24;Dordogne;1;1ère circonscription;Complet;77353;16688;21.57;60665;78.43;825;1.07;1.36;611;0.79;1.01;59229;76.57;97.63
24;Dordogne;2;2ème circonscription;Complet;84067;18394;21.88;65673;78.12;832;0.99;1.27;580;0.69;0.88;64261;76.44;97.85
24;Dordogne;3;3ème circonscription;Complet;67127;12507;18.63;54620;81.37;885;1.32;1.62;686;1.02;1.26;53049;79.03;97.12
24;Dordogne;4;4ème circonscription;Complet;89621;17267;19.27;72354;80.73;1094;1.22;1.51;1243;1.39;1.72;70017;78.13;96.77
25;Doubs;1;1ère circonscription;Complet;75834;17071;22.51;58763;77.49;1082;1.43;1.84;379;0.5;0.64;57302;75.56;97.51
25;Doubs;2;2ème circonscription;Complet;78338;16381;20.91;61957;79.09;961;1.23;1.55;420;0.54;0.68;60576;77.33;97.77
25;Doubs;3;3ème circonscription;Complet;64414;15450;23.99;48964;76.01;936;1.45;1.91;394;0.61;0.8;47634;73.95;97.28
25;Doubs;4;4ème circonscription;Complet;65374;16907;25.86;48467;74.14;798;1.22;1.65;428;0.65;0.88;47241;72.26;97.47
25;Doubs;5;5ème circonscription;Complet;84419;18308;21.69;66111;78.31;1212;1.44;1.83;555;0.66;0.84;64344;76.22;97.33
26;Drôme;1;1ère circonscription;Complet;77421;19049;24.6;58372;75.4;846;1.09;1.45;370;0.48;0.63;57156;73.82;97.92
26;Drôme;2;2ème circonscription;Complet;95581;22485;23.52;73096;76.48;1069;1.12;1.46;531;0.56;0.73;71496;74.8;97.81
26;Drôme;3;3ème circonscription;Complet;110419;20915;18.94;89504;81.06;1328;1.2;1.48;544;0.49;0.61;87632;79.36;97.91
26;Drôme;4;4ème circonscription;Complet;98767;21840;22.11;76927;77.89;1334;1.35;1.73;453;0.46;0.59;75140;76.08;97.68
27;Eure;1;1ère circonscription;Complet;86341;22343;25.88;63998;74.12;929;1.08;1.45;356;0.41;0.56;62713;72.63;97.99
27;Eure;2;2ème circonscription;Complet;78690;18501;23.51;60189;76.49;978;1.24;1.62;290;0.37;0.48;58921;74.88;97.89
27;Eure;3;3ème circonscription;Complet;85486;20187;23.61;65299;76.39;1008;1.18;1.54;371;0.43;0.57;63920;74.77;97.89
27;Eure;4;4ème circonscription;Complet;92417;23514;25.44;68903;74.56;1097;1.19;1.59;403;0.44;0.58;67403;72.93;97.82
27;Eure;5;5ème circonscription;Complet;89264;21918;24.55;67346;75.45;1073;1.2;1.59;369;0.41;0.55;65904;73.83;97.86
28;Eure-et-Loir;1;1ère circonscription;Complet;90750;22794;25.12;67956;74.88;983;1.08;1.45;437;0.48;0.64;66536;73.32;97.91
28;Eure-et-Loir;2;2ème circonscription;Complet;74844;21038;28.11;53806;71.89;784;1.05;1.46;284;0.38;0.53;52738;70.46;98.02
28;Eure-et-Loir;3;3ème circonscription;Complet;71129;18586;26.13;52543;73.87;912;1.28;1.74;368;0.52;0.7;51263;72.07;97.56
28;Eure-et-Loir;4;4ème circonscription;Complet;67165;16542;24.63;50623;75.37;810;1.21;1.6;329;0.49;0.65;49484;73.68;97.75
29;Finistère;1;1ère circonscription;Complet;91816;18923;20.61;72893;79.39;1042;1.13;1.43;496;0.54;0.68;71355;77.72;97.89
29;Finistère;2;2ème circonscription;Complet;78724;20940;26.6;57784;73.4;1213;1.54;2.1;42;0.05;0.07;56529;71.81;97.83
29;Finistère;3;3ème circonscription;Complet;92877;19946;21.48;72931;78.52;1171;1.26;1.61;333;0.36;0.46;71427;76.9;97.94
29;Finistère;4;4ème circonscription;Complet;83766;17567;20.97;66199;79.03;929;1.11;1.4;428;0.51;0.65;64842;77.41;97.95
29;Finistère;5;5ème circonscription;Complet;97574;20060;20.56;77514;79.44;1153;1.18;1.49;376;0.39;0.49;75985;77.87;98.03
29;Finistère;6;6ème circonscription;Complet;91039;19538;21.46;71501;78.54;1119;1.23;1.57;478;0.53;0.67;69904;76.78;97.77
29;Finistère;7;7ème circonscription;Complet;83077;17607;21.19;65470;78.81;974;1.17;1.49;502;0.6;0.77;63994;77.03;97.75
29;Finistère;8;8ème circonscription;Complet;90828;20289;22.34;70539;77.66;1091;1.2;1.55;565;0.62;0.8;68883;75.84;97.65
30;Gard;1;1ère circonscription;Complet;88975;24935;28.02;64040;71.98;824;0.93;1.29;358;0.4;0.56;62858;70.65;98.15
30;Gard;2;2ème circonscription;Complet;94576;20954;22.16;73622;77.84;1047;1.11;1.42;436;0.46;0.59;72139;76.28;97.99
30;Gard;3;3ème circonscription;Complet;95154;20652;21.7;74502;78.3;1031;1.08;1.38;451;0.47;0.61;73020;76.74;98.01
30;Gard;4;4ème circonscription;Complet;93991;21634;23.02;72357;76.98;1034;1.1;1.43;422;0.45;0.58;70901;75.43;97.99
30;Gard;5;5ème circonscription;Complet;98195;22418;22.83;75777;77.17;1088;1.11;1.44;479;0.49;0.63;74210;75.57;97.93
30;Gard;6;6ème circonscription;Complet;84147;22130;26.3;62017;73.7;816;0.97;1.32;350;0.42;0.56;60851;72.32;98.12
31;Haute-Garonne;1;1ère circonscription;Complet;83552;17270;20.67;66282;79.33;818;0.98;1.23;337;0.4;0.51;65127;77.95;98.26
31;Haute-Garonne;2;2ème circonscription;Complet;103430;21092;20.39;82338;79.61;1199;1.16;1.46;446;0.43;0.54;80693;78.02;98
31;Haute-Garonne;3;3ème circonscription;Complet;79901;14525;18.18;65376;81.82;809;1.01;1.24;271;0.34;0.41;64296;80.47;98.35
31;Haute-Garonne;4;4ème circonscription;Complet;68037;15307;22.5;52730;77.5;576;0.85;1.09;1758;2.58;3.33;50396;74.07;95.57
31;Haute-Garonne;5;5ème circonscription;Complet;106151;20093;18.93;86058;81.07;1285;1.21;1.49;544;0.51;0.63;84229;79.35;97.87
31;Haute-Garonne;6;6ème circonscription;Complet;114721;20775;18.11;93946;81.89;1281;1.12;1.36;533;0.46;0.57;92132;80.31;98.07
31;Haute-Garonne;7;7ème circonscription;Complet;105963;21672;20.45;84291;79.55;1226;1.16;1.45;579;0.55;0.69;82486;77.84;97.86
31;Haute-Garonne;8;8ème circonscription;Complet;86008;18971;22.06;67037;77.94;923;1.07;1.38;516;0.6;0.77;65598;76.27;97.85
31;Haute-Garonne;9;9ème circonscription;Complet;79818;17456;21.87;62362;78.13;774;0.97;1.24;328;0.41;0.53;61260;76.75;98.23
31;Haute-Garonne;10;10ème circonscription;Complet;102740;16205;15.77;86535;84.23;1238;1.2;1.43;535;0.52;0.62;84762;82.5;97.95
32;Gers;1;1ère circonscription;Complet;73596;14222;19.32;59374;80.68;888;1.21;1.5;429;0.58;0.72;58057;78.89;97.78
32;Gers;2;2ème circonscription;Complet;73682;14045;19.06;59637;80.94;874;1.19;1.47;421;0.57;0.71;58342;79.18;97.83
33;Gironde;1;1ère circonscription;Complet;103351;23721;22.95;79630;77.05;987;0.95;1.24;328;0.32;0.41;78315;75.78;98.35
33;Gironde;2;2ème circonscription;Complet;71935;16310;22.67;55625;77.33;636;0.88;1.14;207;0.29;0.37;54782;76.15;98.48
33;Gironde;3;3ème circonscription;Complet;88554;20982;23.69;67572;76.31;916;1.03;1.36;328;0.37;0.49;66328;74.9;98.16
33;Gironde;4;4ème circonscription;Complet;97743;24447;25.01;73296;74.99;1044;1.07;1.42;479;0.49;0.65;71773;73.43;97.92
33;Gironde;5;5ème circonscription;Complet;120515;25330;21.02;95185;78.98;1307;1.08;1.37;559;0.46;0.59;93319;77.43;98.04
33;Gironde;6;6ème circonscription;Complet;107025;20513;19.17;86512;80.83;1195;1.12;1.38;437;0.41;0.51;84880;79.31;98.11
33;Gironde;7;7ème circonscription;Complet;79438;17038;21.45;62400;78.55;837;1.05;1.34;313;0.39;0.5;61250;77.1;98.16
33;Gironde;8;8ème circonscription;Complet;119401;25758;21.57;93643;78.43;1225;1.03;1.31;492;0.41;0.53;91926;76.99;98.17
33;Gironde;9;9ème circonscription;Complet;101590;18832;18.54;82758;81.46;1260;1.24;1.52;537;0.53;0.65;80961;79.69;97.83
33;Gironde;10;10ème circonscription;Complet;82865;17416;21.02;65449;78.98;870;1.05;1.33;422;0.51;0.64;64157;77.42;98.03
33;Gironde;11;11ème circonscription;Complet;98441;22071;22.42;76370;77.58;1089;1.11;1.43;562;0.57;0.74;74719;75.9;97.84
33;Gironde;12;12ème circonscription;Complet;87690;16596;18.93;71094;81.07;1001;1.14;1.41;483;0.55;0.68;69610;79.38;97.91
34;Hérault;1;1ère circonscription;Complet;89342;21474;24.04;67868;75.96;958;1.07;1.41;351;0.39;0.52;66559;74.5;98.07
34;Hérault;2;2ème circonscription;Complet;64894;18338;28.26;46556;71.74;483;0.74;1.04;221;0.34;0.47;45852;70.66;98.49
34;Hérault;3;3ème circonscription;Complet;91551;17848;19.5;73703;80.5;1165;1.27;1.58;412;0.45;0.56;72126;78.78;97.86
34;Hérault;4;4ème circonscription;Complet;118680;23299;19.63;95381;80.37;1362;1.15;1.43;603;0.51;0.63;93416;78.71;97.94
34;Hérault;5;5ème circonscription;Complet;98589;21355;21.66;77234;78.34;1014;1.03;1.31;500;0.51;0.65;75720;76.8;98.04
34;Hérault;6;6ème circonscription;Complet;93302;23490;25.18;69812;74.82;1021;1.09;1.46;397;0.43;0.57;68394;73.3;97.97
34;Hérault;7;7ème circonscription;Complet;108511;26700;24.61;81811;75.39;1006;0.93;1.23;632;0.58;0.77;80173;73.88;98
34;Hérault;8;8ème circonscription;Complet;93616;21783;23.27;71833;76.73;999;1.07;1.39;492;0.53;0.68;70342;75.14;97.92
34;Hérault;9;9ème circonscription;Complet;88880;21479;24.17;67401;75.83;859;0.97;1.27;396;0.45;0.59;66146;74.42;98.14
35;Ille-et-Vilaine;1;1ère circonscription;Complet;92977;20847;22.42;72130;77.58;1095;1.18;1.52;390;0.42;0.54;70645;75.98;97.94
35;Ille-et-Vilaine;2;2ème circonscription;Complet;97485;18787;19.27;78698;80.73;1168;1.2;1.48;394;0.4;0.5;77136;79.13;98.02
35;Ille-et-Vilaine;3;3ème circonscription;Complet;91520;18542;20.26;72978;79.74;1248;1.36;1.71;488;0.53;0.67;71242;77.84;97.62
35;Ille-et-Vilaine;4;4ème circonscription;Complet;95367;19264;20.2;76103;79.8;1339;1.4;1.76;498;0.52;0.65;74266;77.87;97.59
35;Ille-et-Vilaine;5;5ème circonscription;Complet;109324;22134;20.25;87190;79.75;1487;1.36;1.71;642;0.59;0.74;85061;77.81;97.56
35;Ille-et-Vilaine;6;6ème circonscription;Complet;89879;18559;20.65;71320;79.35;1204;1.34;1.69;642;0.71;0.9;69474;77.3;97.41
35;Ille-et-Vilaine;7;7ème circonscription;Complet;104816;23907;22.81;80909;77.19;1062;1.01;1.31;516;0.49;0.64;79331;75.69;98.05
35;Ille-et-Vilaine;8;8ème circonscription;Complet;90268;19387;21.48;70881;78.52;908;1.01;1.28;296;0.33;0.42;69677;77.19;98.3
36;Indre;1;1ère circonscription;Complet;77726;20962;26.97;56764;73.03;1063;1.37;1.87;558;0.72;0.98;55143;70.95;97.14
36;Indre;2;2ème circonscription;Complet;88374;20444;23.13;67930;76.87;1388;1.57;2.04;688;0.78;1.01;65854;74.52;96.94
37;Indre-et-Loire;1;1ère circonscription;Complet;70550;20399;28.91;50151;71.09;639;0.91;1.27;228;0.32;0.45;49284;69.86;98.27
37;Indre-et-Loire;2;2ème circonscription;Complet;91935;20600;22.41;71335;77.59;1249;1.36;1.75;433;0.47;0.61;69653;75.76;97.64
37;Indre-et-Loire;3;3ème circonscription;Complet;99213;22702;22.88;76511;77.12;1289;1.3;1.68;523;0.53;0.68;74699;75.29;97.63
37;Indre-et-Loire;4;4ème circonscription;Complet;92072;22182;24.09;69890;75.91;1155;1.25;1.65;501;0.54;0.72;68234;74.11;97.63
37;Indre-et-Loire;5;5ème circonscription;Complet;86732;19653;22.66;67079;77.34;1105;1.27;1.65;354;0.41;0.53;65620;75.66;97.82
38;Isère;1;1ère circonscription;Complet;85135;17721;20.82;67414;79.18;749;0.88;1.11;213;0.25;0.32;66452;78.05;98.57
38;Isère;2;2ème circonscription;Complet;78251;19007;24.29;59244;75.71;924;1.18;1.56;287;0.37;0.48;58033;74.16;97.96
38;Isère;3;3ème circonscription;Complet;60060;15957;26.57;44103;73.43;552;0.92;1.25;175;0.29;0.4;43376;72.22;98.35
38;Isère;4;4ème circonscription;Complet;91598;19467;21.25;72131;78.75;1138;1.24;1.58;320;0.35;0.44;70673;77.16;97.98
38;Isère;5;5ème circonscription;Complet;105572;21208;20.09;84364;79.91;1353;1.28;1.6;372;0.35;0.44;82639;78.28;97.96
38;Isère;6;6ème circonscription;Complet;88676;20359;22.96;68317;77.04;1195;1.35;1.75;329;0.37;0.48;66793;75.32;97.77
38;Isère;7;7ème circonscription;Complet;95707;20824;21.76;74883;78.24;1405;1.47;1.88;621;0.65;0.83;72857;76.13;97.29
38;Isère;8;8ème circonscription;Complet;82027;18219;22.21;63808;77.79;1094;1.33;1.71;380;0.46;0.6;62334;75.99;97.69
38;Isère;9;9ème circonscription;Complet;100145;21804;21.77;78341;78.23;1448;1.45;1.85;366;0.37;0.47;76527;76.42;97.68
38;Isère;10;10ème circonscription;Complet;98269;24110;24.53;74159;75.47;1132;1.15;1.53;415;0.42;0.56;72612;73.89;97.91
39;Jura;1;1ère circonscription;Complet;64847;13848;21.35;50999;78.65;887;1.37;1.74;441;0.68;0.86;49671;76.6;97.4
39;Jura;2;2ème circonscription;Complet;55574;12657;22.78;42917;77.22;812;1.46;1.89;285;0.51;0.66;41820;75.25;97.44
39;Jura;3;3ème circonscription;Complet;70176;15129;21.56;55047;78.44;926;1.32;1.68;385;0.55;0.7;53736;76.57;97.62
40;Landes;1;1ère circonscription;Complet;107989;22785;21.1;85204;78.9;1384;1.28;1.62;477;0.44;0.56;83343;77.18;97.82
40;Landes;2;2ème circonscription;Complet;122214;24557;20.09;97657;79.91;1434;1.17;1.47;533;0.44;0.55;95690;78.3;97.99
40;Landes;3;3ème circonscription;Complet;99134;18312;18.47;80822;81.53;1215;1.23;1.5;590;0.6;0.73;79017;79.71;97.77
41;Loir-et-Cher;1;1ère circonscription;Complet;82628;21128;25.57;61500;74.43;1008;1.22;1.64;424;0.51;0.69;60068;72.7;97.67
41;Loir-et-Cher;2;2ème circonscription;Complet;80308;19534;24.32;60774;75.68;1047;1.3;1.72;475;0.59;0.78;59252;73.78;97.5
41;Loir-et-Cher;3;3ème circonscription;Complet;81782;18688;22.85;63094;77.15;1126;1.38;1.78;478;0.58;0.76;61490;75.19;97.46
42;Loire;1;1ère circonscription;Complet;64077;16457;25.68;47620;74.32;698;1.09;1.47;251;0.39;0.53;46671;72.84;98.01
42;Loire;2;2ème circonscription;Complet;50594;14458;28.58;36136;71.42;430;0.85;1.19;186;0.37;0.51;35520;70.21;98.3
42;Loire;3;3ème circonscription;Complet;83105;19747;23.76;63358;76.24;1176;1.42;1.86;225;0.27;0.36;61957;74.55;97.79
42;Loire;4;4ème circonscription;Complet;103498;23199;22.41;80299;77.59;1342;1.3;1.67;443;0.43;0.55;78514;75.86;97.78
42;Loire;5;5ème circonscription;Complet;101872;22065;21.66;79807;78.34;1493;1.47;1.87;896;0.88;1.12;77418;76;97.01
42;Loire;6;6ème circonscription;Complet;110648;22666;20.48;87982;79.52;1525;1.38;1.73;599;0.54;0.68;85858;77.6;97.59
43;Haute-Loire;1;1ère circonscription;Complet;101344;20396;20.13;80948;79.87;1651;1.63;2.04;639;0.63;0.79;78658;77.61;97.17
43;Haute-Loire;2;2ème circonscription;Complet;79362;16604;20.92;62758;79.08;1186;1.49;1.89;575;0.72;0.92;60997;76.86;97.19
44;Loire-Atlantique;1;1ère circonscription;Complet;76919;18144;23.59;58775;76.41;868;1.13;1.48;150;0.2;0.26;57757;75.09;98.27
44;Loire-Atlantique;2;2ème circonscription;Complet;90879;20902;23;69977;77;865;0.95;1.24;254;0.28;0.36;68858;75.77;98.4
44;Loire-Atlantique;3;3ème circonscription;Complet;96273;24347;25.29;71926;74.71;1154;1.2;1.6;281;0.29;0.39;70491;73.22;98
44;Loire-Atlantique;4;4ème circonscription;Complet;92919;21302;22.93;71617;77.07;1152;1.24;1.61;402;0.43;0.56;70063;75.4;97.83
44;Loire-Atlantique;5;5ème circonscription;Complet;125352;25913;20.67;99439;79.33;1551;1.24;1.56;446;0.36;0.45;97442;77.73;97.99
44;Loire-Atlantique;6;6ème circonscription;Complet;114979;26083;22.69;88896;77.31;1776;1.54;2;710;0.62;0.8;86410;75.15;97.2
44;Loire-Atlantique;7;7ème circonscription;Complet;117012;24955;21.33;92057;78.67;1481;1.27;1.61;539;0.46;0.59;90037;76.95;97.81
44;Loire-Atlantique;8;8ème circonscription;Complet;89668;23384;26.08;66284;73.92;1050;1.17;1.58;413;0.46;0.62;64821;72.29;97.79
44;Loire-Atlantique;9;9ème circonscription;Complet;129388;27441;21.21;101947;78.79;1702;1.32;1.67;667;0.52;0.65;99578;76.96;97.68
44;Loire-Atlantique;10;10ème circonscription;Complet;123304;23868;19.36;99436;80.64;1774;1.44;1.78;697;0.57;0.7;96965;78.64;97.51
45;Loiret;1;1ère circonscription;Complet;77302;18949;24.51;58353;75.49;914;1.18;1.57;319;0.41;0.55;57120;73.89;97.89
45;Loiret;2;2ème circonscription;Complet;86510;22121;25.57;64389;74.43;1076;1.24;1.67;376;0.43;0.58;62937;72.75;97.74
45;Loiret;3;3ème circonscription;Complet;70803;16771;23.69;54032;76.31;942;1.33;1.74;386;0.55;0.71;52704;74.44;97.54
45;Loiret;4;4ème circonscription;Complet;74595;20289;27.2;54306;72.8;825;1.11;1.52;388;0.52;0.71;53093;71.18;97.77
45;Loiret;5;5ème circonscription;Complet;73331;18051;24.62;55280;75.38;878;1.2;1.59;348;0.47;0.63;54054;73.71;97.78
45;Loiret;6;6ème circonscription;Complet;75009;18287;24.38;56722;75.62;877;1.17;1.55;331;0.44;0.58;55514;74.01;97.87
46;Lot;1;1ère circonscription;Complet;72691;14613;20.1;58078;79.9;784;1.08;1.35;456;0.63;0.79;56838;78.19;97.86
46;Lot;2;2ème circonscription;Complet;66587;12551;18.85;54036;81.15;983;1.48;1.82;501;0.75;0.93;52552;78.92;97.25
47;Lot-et-Garonne;1;1ère circonscription;Complet;88161;18562;21.05;69599;78.95;1059;1.2;1.52;502;0.57;0.72;68038;77.17;97.76
47;Lot-et-Garonne;2;2ème circonscription;Complet;77282;17196;22.25;60086;77.75;855;1.11;1.42;494;0.64;0.82;58737;76;97.75
47;Lot-et-Garonne;3;3ème circonscription;Complet;75861;17149;22.61;58712;77.39;879;1.16;1.5;506;0.67;0.86;57327;75.57;97.64
48;Lozère;1;1ère circonscription;Complet;59812;11680;19.53;48132;80.47;741;1.24;1.54;395;0.66;0.82;46996;78.57;97.64
49;Maine-et-Loire;1;1ère circonscription;Complet;87670;21121;24.09;66549;75.91;1101;1.26;1.65;349;0.4;0.52;65099;74.25;97.82
49;Maine-et-Loire;2;2ème circonscription;Complet;93612;21296;22.75;72316;77.25;1271;1.36;1.76;434;0.46;0.6;70611;75.43;97.64
49;Maine-et-Loire;3;3ème circonscription;Complet;72321;17455;24.14;54866;75.86;1030;1.42;1.88;409;0.57;0.75;53427;73.87;97.38
49;Maine-et-Loire;4;4ème circonscription;Complet;76045;17419;22.91;58626;77.09;1014;1.33;1.73;392;0.52;0.67;57220;75.24;97.6
49;Maine-et-Loire;5;5ème circonscription;Complet;79259;18988;23.96;60271;76.04;1100;1.39;1.83;443;0.56;0.74;58728;74.1;97.44
49;Maine-et-Loire;6;6ème circonscription;Complet;98733;22277;22.56;76456;77.44;1433;1.45;1.87;549;0.56;0.72;74474;75.43;97.41
49;Maine-et-Loire;7;7ème circonscription;Complet;81623;18310;22.43;63313;77.57;1123;1.38;1.77;407;0.5;0.64;61783;75.69;97.58
50;Manche;1;1ère circonscription;Complet;87713;21104;24.06;66609;75.94;1125;1.28;1.69;447;0.51;0.67;65037;74.15;97.64
50;Manche;2;2ème circonscription;Complet;96973;22676;23.38;74297;76.62;1262;1.3;1.7;607;0.63;0.82;72428;74.69;97.48
50;Manche;3;3ème circonscription;Complet;110674;25593;23.12;85081;76.88;1391;1.26;1.63;539;0.49;0.63;83151;75.13;97.73
50;Manche;4;4ème circonscription;Complet;89253;24087;26.99;65166;73.01;969;1.09;1.49;355;0.4;0.54;63842;71.53;97.97
51;Marne;1;1ère circonscription;Complet;73920;20903;28.28;53017;71.72;659;0.89;1.24;303;0.41;0.57;52055;70.42;98.19
51;Marne;2;2ème circonscription;Complet;74347;20162;27.12;54185;72.88;669;0.9;1.23;309;0.42;0.57;53207;71.57;98.2
51;Marne;3;3ème circonscription;Complet;79952;21754;27.21;58198;72.79;845;1.06;1.45;333;0.42;0.57;57020;71.32;97.98
51;Marne;4;4ème circonscription;Complet;76591;20267;26.46;56324;73.54;759;0.99;1.35;386;0.5;0.69;55179;72.04;97.97
51;Marne;5;5ème circonscription;Complet;75834;17924;23.64;57910;76.36;894;1.18;1.54;371;0.49;0.64;56645;74.7;97.82
52;Haute-Marne;1;1ère circonscription;Complet;69939;17352;24.81;52587;75.19;819;1.17;1.56;459;0.66;0.87;51309;73.36;97.57
52;Haute-Marne;2;2ème circonscription;Complet;59450;15921;26.78;43529;73.22;670;1.13;1.54;360;0.61;0.83;42499;71.49;97.63
53;Mayenne;1;1ère circonscription;Complet;73560;17646;23.99;55914;76.01;1064;1.45;1.9;443;0.6;0.79;54407;73.96;97.3
53;Mayenne;2;2ème circonscription;Complet;78840;18165;23.04;60675;76.96;1254;1.59;2.07;488;0.62;0.8;58933;74.75;97.13
53;Mayenne;3;3ème circonscription;Complet;72322;17001;23.51;55321;76.49;1165;1.61;2.11;588;0.81;1.06;53568;74.07;96.83
54;Meurthe-et-Moselle;1;1ère circonscription;Complet;81726;21364;26.14;60362;73.86;817;1;1.35;313;0.38;0.52;59232;72.48;98.13
54;Meurthe-et-Moselle;2;2ème circonscription;Complet;67282;17634;26.21;49648;73.79;671;1;1.35;247;0.37;0.5;48730;72.43;98.15
54;Meurthe-et-Moselle;3;3ème circonscription;Complet;80563;25005;31.04;55558;68.96;741;0.92;1.33;354;0.44;0.64;54463;67.6;98.03
54;Meurthe-et-Moselle;4;4ème circonscription;Complet;97301;24588;25.27;72713;74.73;1058;1.09;1.46;494;0.51;0.68;71161;73.13;97.87
54;Meurthe-et-Moselle;5;5ème circonscription;Complet;78151;18402;23.55;59749;76.45;889;1.14;1.49;406;0.52;0.68;58454;74.8;97.83
54;Meurthe-et-Moselle;6;6ème circonscription;Complet;87034;23926;27.49;63108;72.51;916;1.05;1.45;432;0.5;0.68;61760;70.96;97.86
55;Meuse;1;1ère circonscription;Complet;75355;18252;24.22;57103;75.78;840;1.11;1.47;434;0.58;0.76;55829;74.09;97.77
55;Meuse;2;2ème circonscription;Complet;59450;15840;26.64;43610;73.36;669;1.13;1.53;257;0.43;0.59;42684;71.8;97.88
56;Morbihan;1;1ère circonscription;Complet;114329;23754;20.78;90575;79.22;1345;1.18;1.48;436;0.38;0.48;88794;77.67;98.03
56;Morbihan;2;2ème circonscription;Complet;112017;22578;20.16;89439;79.84;1404;1.25;1.57;566;0.51;0.63;87469;78.09;97.8
56;Morbihan;3;3ème circonscription;Complet;96283;19951;20.72;76332;79.28;1406;1.46;1.84;655;0.68;0.86;74271;77.14;97.3
56;Morbihan;4;4ème circonscription;Complet;111288;22632;20.34;88656;79.66;1569;1.41;1.77;583;0.52;0.66;86504;77.73;97.57
56;Morbihan;5;5ème circonscription;Complet;81577;21269;26.07;60308;73.93;1042;1.28;1.73;300;0.37;0.5;58966;72.28;97.77
56;Morbihan;6;6ème circonscription;Complet;93478;20336;21.75;73142;78.25;1193;1.28;1.63;579;0.62;0.79;71370;76.35;97.58
57;Moselle;1;1ère circonscription;Complet;92618;26645;28.77;65973;71.23;1010;1.09;1.53;380;0.41;0.58;64583;69.73;97.89
57;Moselle;2;2ème circonscription;Complet;76100;20972;27.56;55128;72.44;851;1.12;1.54;345;0.45;0.63;53932;70.87;97.83
57;Moselle;3;3ème circonscription;Complet;75560;21384;28.3;54176;71.7;751;0.99;1.39;278;0.37;0.51;53147;70.34;98.1
57;Moselle;4;4ème circonscription;Complet;80854;19321;23.9;61533;76.1;936;1.16;1.52;433;0.54;0.7;60164;74.41;97.78
57;Moselle;5;5ème circonscription;Complet;72444;19773;27.29;52671;72.71;803;1.11;1.52;357;0.49;0.68;51511;71.1;97.8
57;Moselle;6;6ème circonscription;Complet;66720;20871;31.28;45849;68.72;538;0.81;1.17;296;0.44;0.65;45015;67.47;98.18
57;Moselle;7;7ème circonscription;Complet;89286;23817;26.67;65469;73.33;961;1.08;1.47;438;0.49;0.67;64070;71.76;97.86
57;Moselle;8;8ème circonscription;Complet;91057;29535;32.44;61522;67.56;918;1.01;1.49;393;0.43;0.64;60211;66.12;97.87
57;Moselle;9;9ème circonscription;Complet;101275;27981;27.63;73294;72.37;1175;1.16;1.6;433;0.43;0.59;71686;70.78;97.81
58;Nièvre;1;1ère circonscription;Complet;74491;19917;26.74;54574;73.26;1003;1.35;1.84;331;0.44;0.61;53240;71.47;97.56
58;Nièvre;2;2ème circonscription;Complet;79695;18933;23.76;60762;76.24;954;1.2;1.57;607;0.76;1;59201;74.28;97.43
59;Nord;1;1ère circonscription;Complet;63513;18568;29.23;44945;70.77;449;0.71;1;252;0.4;0.56;44244;69.66;98.44
59;Nord;2;2ème circonscription;Complet;86242;24464;28.37;61778;71.63;765;0.89;1.24;342;0.4;0.55;60671;70.35;98.21
59;Nord;3;3ème circonscription;Complet;92248;29188;31.64;63060;68.36;745;0.81;1.18;364;0.39;0.58;61951;67.16;98.24
59;Nord;4;4ème circonscription;Complet;100845;26363;26.14;74482;73.86;947;0.94;1.27;372;0.37;0.5;73163;72.55;98.23
59;Nord;5;5ème circonscription;Complet;101258;24673;24.37;76585;75.63;1155;1.14;1.51;402;0.4;0.52;75028;74.1;97.97
59;Nord;6;6ème circonscription;Complet;93408;20099;21.52;73309;78.48;1050;1.12;1.43;365;0.39;0.5;71894;76.97;98.07
59;Nord;7;7ème circonscription;Complet;73343;21099;28.77;52244;71.23;661;0.9;1.27;276;0.38;0.53;51307;69.95;98.21
59;Nord;8;8ème circonscription;Complet;68145;25447;37.34;42698;62.66;528;0.77;1.24;283;0.42;0.66;41887;61.47;98.1
59;Nord;9;9ème circonscription;Complet;91917;26160;28.46;65757;71.54;739;0.8;1.12;317;0.34;0.48;64701;70.39;98.39
59;Nord;10;10ème circonscription;Complet;82005;27221;33.19;54784;66.81;749;0.91;1.37;335;0.41;0.61;53700;65.48;98.02
59;Nord;11;11ème circonscription;Complet;93910;27590;29.38;66320;70.62;875;0.93;1.32;373;0.4;0.56;65072;69.29;98.12
59;Nord;12;12ème circonscription;Complet;92886;25243;27.18;67643;72.82;898;0.97;1.33;414;0.45;0.61;66331;71.41;98.06
59;Nord;13;13ème circonscription;Complet;87000;27086;31.13;59914;68.87;1077;1.24;1.8;381;0.44;0.64;58456;67.19;97.57
59;Nord;14;14ème circonscription;Complet;99208;24634;24.83;74574;75.17;1200;1.21;1.61;505;0.51;0.68;72869;73.45;97.71
59;Nord;15;15ème circonscription;Complet;97732;23744;24.3;73988;75.7;1121;1.15;1.52;562;0.58;0.76;72305;73.98;97.73
59;Nord;16;16ème circonscription;Complet;83608;23818;28.49;59790;71.51;832;1;1.39;372;0.44;0.62;58586;70.07;97.99
59;Nord;17;17ème circonscription;Complet;73465;20723;28.21;52742;71.79;718;0.98;1.36;285;0.39;0.54;51739;70.43;98.1
59;Nord;18;18ème circonscription;Complet;90892;25795;28.38;65097;71.62;912;1;1.4;412;0.45;0.63;63773;70.16;97.97
59;Nord;19;19ème circonscription;Complet;80114;23252;29.02;56862;70.98;668;0.83;1.17;372;0.46;0.65;55822;69.68;98.17
59;Nord;20;20ème circonscription;Complet;81402;25246;31.01;56156;68.99;604;0.74;1.08;355;0.44;0.63;55197;67.81;98.29
59;Nord;21;21ème circonscription;Complet;80765;23620;29.25;57145;70.75;723;0.9;1.27;337;0.42;0.59;56085;69.44;98.15
60;Oise;1;1ère circonscription;Complet;82996;21090;25.41;61906;74.59;965;1.16;1.56;415;0.5;0.67;60526;72.93;97.77
60;Oise;2;2ème circonscription;Complet;88749;21439;24.16;67310;75.84;1016;1.14;1.51;1150;1.3;1.71;65144;73.4;96.78
60;Oise;3;3ème circonscription;Complet;73605;20063;27.26;53542;72.74;744;1.01;1.39;503;0.68;0.94;52295;71.05;97.67
60;Oise;4;4ème circonscription;Complet;93322;22573;24.19;70749;75.81;1087;1.16;1.54;886;0.95;1.25;68776;73.7;97.21
60;Oise;5;5ème circonscription;Complet;73122;18603;25.44;54519;74.56;826;1.13;1.52;328;0.45;0.6;53365;72.98;97.88
60;Oise;6;6ème circonscription;Complet;75769;18666;24.64;57103;75.36;801;1.06;1.4;360;0.48;0.63;55942;73.83;97.97
60;Oise;7;7ème circonscription;Complet;76558;19647;25.66;56911;74.34;885;1.16;1.56;360;0.47;0.63;55666;72.71;97.81
61;Orne;1;1ère circonscription;Complet;68427;17153;25.07;51274;74.93;880;1.29;1.72;352;0.51;0.69;50042;73.13;97.6
61;Orne;2;2ème circonscription;Complet;66030;16122;24.42;49908;75.58;817;1.24;1.64;278;0.42;0.56;48813;73.93;97.81
61;Orne;3;3ème circonscription;Complet;71081;17660;24.84;53421;75.16;889;1.25;1.66;437;0.61;0.82;52095;73.29;97.52
62;Pas-de-Calais;1;1ère circonscription;Complet;104900;23046;21.97;81854;78.03;1199;1.14;1.46;594;0.57;0.73;80061;76.32;97.81
62;Pas-de-Calais;2;2ème circonscription;Complet;86900;20812;23.95;66088;76.05;879;1.01;1.33;549;0.63;0.83;64660;74.41;97.84
62;Pas-de-Calais;3;3ème circonscription;Complet;83138;25430;30.59;57708;69.41;680;0.82;1.18;385;0.46;0.67;56643;68.13;98.15
62;Pas-de-Calais;4;4ème circonscription;Complet;89785;20977;23.36;68808;76.64;1014;1.13;1.47;690;0.77;1;67104;74.74;97.52
62;Pas-de-Calais;5;5ème circonscription;Complet;90480;25783;28.5;64697;71.5;816;0.9;1.26;456;0.5;0.7;63425;70.1;98.03
62;Pas-de-Calais;6;6ème circonscription;Complet;93543;20130;21.52;73413;78.48;986;1.05;1.34;576;0.62;0.78;71851;76.81;97.87
62;Pas-de-Calais;7;7ème circonscription;Complet;93900;27962;29.78;65938;70.22;861;0.92;1.31;478;0.51;0.72;64599;68.8;97.97
62;Pas-de-Calais;8;8ème circonscription;Complet;92056;23585;25.62;68471;74.38;921;1;1.35;607;0.66;0.89;66943;72.72;97.77
62;Pas-de-Calais;9;9ème circonscription;Complet;79991;20117;25.15;59874;74.85;793;0.99;1.32;412;0.52;0.69;58669;73.34;97.99
62;Pas-de-Calais;10;10ème circonscription;Complet;88852;24653;27.75;64199;72.25;830;0.93;1.29;464;0.52;0.72;62905;70.8;97.98
62;Pas-de-Calais;11;11ème circonscription;Complet;93941;27004;28.75;66937;71.25;742;0.79;1.11;428;0.46;0.64;65767;70.01;98.25
62;Pas-de-Calais;12;12ème circonscription;Complet;96237;26820;27.87;69417;72.13;880;0.91;1.27;511;0.53;0.74;68026;70.69;98
63;Puy-de-Dôme;1;1ère circonscription;Complet;83704;21168;25.29;62536;74.71;1081;1.29;1.73;423;0.51;0.68;61032;72.91;97.59
63;Puy-de-Dôme;2;2ème circonscription;Complet;89841;18197;20.25;71644;79.75;1439;1.6;2.01;617;0.69;0.86;69588;77.46;97.13
63;Puy-de-Dôme;3;3ème circonscription;Complet;89550;18507;20.67;71043;79.33;1206;1.35;1.7;415;0.46;0.58;69422;77.52;97.72
63;Puy-de-Dôme;4;4ème circonscription;Complet;100895;20526;20.34;80369;79.66;1642;1.63;2.04;550;0.55;0.68;78177;77.48;97.27
63;Puy-de-Dôme;5;5ème circonscription;Complet;104113;22471;21.58;81642;78.42;1570;1.51;1.92;704;0.68;0.86;79368;76.23;97.21
64;Pyrénées-Atlantiques;1;1ère circonscription;Complet;68649;14601;21.27;54048;78.73;765;1.11;1.42;329;0.48;0.61;52954;77.14;97.98
64;Pyrénées-Atlantiques;2;2ème circonscription;Complet;82766;15840;19.14;66926;80.86;958;1.16;1.43;397;0.48;0.59;65571;79.22;97.98
64;Pyrénées-Atlantiques;3;3ème circonscription;Complet;83795;17187;20.51;66608;79.49;953;1.14;1.43;438;0.52;0.66;65217;77.83;97.91
64;Pyrénées-Atlantiques;4;4ème circonscription;Complet;80672;16539;20.5;64133;79.5;981;1.22;1.53;444;0.55;0.69;62708;77.73;97.78
64;Pyrénées-Atlantiques;5;5ème circonscription;Complet;98913;22210;22.45;76703;77.55;1049;1.06;1.37;412;0.42;0.54;75242;76.07;98.1
64;Pyrénées-Atlantiques;6;6ème circonscription;Complet;105134;23757;22.6;81377;77.4;1110;1.06;1.36;469;0.45;0.58;79798;75.9;98.06
65;Hautes-Pyrénées;1;1ère circonscription;Complet;87881;19877;22.62;68004;77.38;1018;1.16;1.5;435;0.49;0.64;66551;75.73;97.86
65;Hautes-Pyrénées;2;2ème circonscription;Complet;89562;19718;22.02;69844;77.98;1046;1.17;1.5;461;0.51;0.66;68337;76.3;97.84
66;Pyrénées-Orientales;1;1ère circonscription;Complet;72300;18749;25.93;53551;74.07;608;0.84;1.14;440;0.61;0.82;52503;72.62;98.04
66;Pyrénées-Orientales;2;2ème circonscription;Complet;103346;24608;23.81;78738;76.19;973;0.94;1.24;621;0.6;0.79;77144;74.65;97.98
66;Pyrénées-Orientales;3;3ème circonscription;Complet;84783;21019;24.79;63764;75.21;933;1.1;1.46;537;0.63;0.84;62294;73.47;97.69
66;Pyrénées-Orientales;4;4ème circonscription;Complet;101647;23328;22.95;78319;77.05;1014;1;1.29;678;0.67;0.87;76627;75.39;97.84
67;Bas-Rhin;1;1ère circonscription;Complet;61463;15388;25.04;46075;74.96;414;0.67;0.9;170;0.28;0.37;45491;74.01;98.73
67;Bas-Rhin;2;2ème circonscription;Complet;71519;18931;26.47;52588;73.53;607;0.85;1.15;248;0.35;0.47;51733;72.33;98.37
67;Bas-Rhin;3;3ème circonscription;Complet;70021;18530;26.46;51491;73.54;573;0.82;1.11;270;0.39;0.52;50648;72.33;98.36
67;Bas-Rhin;4;4ème circonscription;Complet;97274;21784;22.39;75490;77.61;1049;1.08;1.39;384;0.39;0.51;74057;76.13;98.1
67;Bas-Rhin;5;5ème circonscription;Complet;105914;24951;23.56;80963;76.44;1230;1.16;1.52;574;0.54;0.71;79159;74.74;97.77
67;Bas-Rhin;6;6ème circonscription;Complet;97315;22767;23.4;74548;76.6;1128;1.16;1.51;477;0.49;0.64;72943;74.96;97.85
67;Bas-Rhin;7;7ème circonscription;Complet;85662;20673;24.13;64989;75.87;1099;1.28;1.69;448;0.52;0.69;63442;74.06;97.62
67;Bas-Rhin;8;8ème circonscription;Complet;94476;23542;24.92;70934;75.08;1156;1.22;1.63;510;0.54;0.72;69268;73.32;97.65
67;Bas-Rhin;9;9ème circonscription;Complet;95068;23658;24.89;71410;75.11;1079;1.13;1.51;353;0.37;0.49;69978;73.61;97.99
68;Haut-Rhin;1;1ère circonscription;Complet;77944;20960;26.89;56984;73.11;794;1.02;1.39;365;0.47;0.64;55825;71.62;97.97
68;Haut-Rhin;2;2ème circonscription;Complet;92458;21905;23.69;70553;76.31;1098;1.19;1.56;508;0.55;0.72;68947;74.57;97.72
68;Haut-Rhin;3;3ème circonscription;Complet;86827;21950;25.28;64877;74.72;1000;1.15;1.54;387;0.45;0.6;63490;73.12;97.86
68;Haut-Rhin;4;4ème circonscription;Complet;103815;25158;24.23;78657;75.77;1253;1.21;1.59;569;0.55;0.72;76835;74.01;97.68
68;Haut-Rhin;5;5ème circonscription;Complet;76710;22161;28.89;54549;71.11;1080;1.41;1.98;162;0.21;0.3;53307;69.49;97.72
68;Haut-Rhin;6;6ème circonscription;Complet;93984;25727;27.37;68257;72.63;1157;1.23;1.7;395;0.42;0.58;66705;70.97;97.73
69;Rhône;1;1ère circonscription;Complet;71473;14253;19.94;57220;80.06;705;0.99;1.23;212;0.3;0.37;56303;78.78;98.4
69;Rhône;2;2ème circonscription;Complet;71975;12171;16.91;59804;83.09;674;0.94;1.13;193;0.27;0.32;58937;81.89;98.55
69;Rhône;3;3ème circonscription;Complet;71683;13560;18.92;58123;81.08;690;0.96;1.19;196;0.27;0.34;57237;79.85;98.48
69;Rhône;4;4ème circonscription;Complet;77537;12841;16.56;64696;83.44;729;0.94;1.13;216;0.28;0.33;63751;82.22;98.54
69;Rhône;5;5ème circonscription;Complet;89593;17746;19.81;71847;80.19;909;1.01;1.27;272;0.3;0.38;70666;78.87;98.36
69;Rhône;6;6ème circonscription;Complet;88484;24518;27.71;63966;72.29;873;0.99;1.36;257;0.29;0.4;62836;71.01;98.23
69;Rhône;7;7ème circonscription;Complet;70364;21464;30.5;48900;69.5;605;0.86;1.24;274;0.39;0.56;48021;68.25;98.2
69;Rhône;8;8ème circonscription;Complet;104503;20171;19.3;84332;80.7;1316;1.26;1.56;387;0.37;0.46;82629;79.07;97.98
69;Rhône;9;9ème circonscription;Complet;96017;20623;21.48;75394;78.52;1300;1.35;1.72;349;0.36;0.46;73745;76.8;97.81
69;Rhône;10;10ème circonscription;Complet;98838;18226;18.44;80612;81.56;1161;1.17;1.44;335;0.34;0.42;79116;80.05;98.14
69;Rhône;11;11ème circonscription;Complet;96067;19748;20.56;76319;79.44;1226;1.28;1.61;397;0.41;0.52;74696;77.75;97.87
69;Rhône;12;12ème circonscription;Complet;81648;16398;20.08;65250;79.92;816;1;1.25;251;0.31;0.38;64183;78.61;98.36
69;Rhône;13;13ème circonscription;Complet;88159;20737;23.52;67422;76.48;967;1.1;1.43;310;0.35;0.46;66145;75.03;98.11
69;Rhône;14;14ème circonscription;Complet;74885;23124;30.88;51761;69.12;737;0.98;1.42;276;0.37;0.53;50748;67.77;98.04
70;Haute-Saône;1;1ère circonscription;Complet;88119;18718;21.24;69401;78.76;1206;1.37;1.74;768;0.87;1.11;67427;76.52;97.16
70;Haute-Saône;2;2ème circonscription;Complet;89596;20321;22.68;69275;77.32;1158;1.29;1.67;805;0.9;1.16;67312;75.13;97.17
71;Saône-et-Loire;1;1ère circonscription;Complet;74159;17047;22.99;57112;77.01;1109;1.5;1.94;348;0.47;0.61;55655;75.05;97.45
71;Saône-et-Loire;2;2ème circonscription;Complet;77096;17458;22.64;59638;77.36;1233;1.6;2.07;495;0.64;0.83;57910;75.11;97.1
71;Saône-et-Loire;3;3ème circonscription;Complet;81158;19091;23.52;62067;76.48;1211;1.49;1.95;501;0.62;0.81;60355;74.37;97.24
71;Saône-et-Loire;4;4ème circonscription;Complet;82769;19254;23.26;63515;76.74;1209;1.46;1.9;523;0.63;0.82;61783;74.65;97.27
71;Saône-et-Loire;5;5ème circonscription;Complet;87810;22519;25.65;65291;74.35;1161;1.32;1.78;533;0.61;0.82;63597;72.43;97.41
72;Sarthe;1;1ère circonscription;Complet;73093;17742;24.27;55351;75.73;1201;1.64;2.17;299;0.41;0.54;53851;73.67;97.29
72;Sarthe;2;2ème circonscription;Complet;83014;22899;27.58;60115;72.42;1501;1.81;2.5;284;0.34;0.47;58330;70.27;97.03
72;Sarthe;3;3ème circonscription;Complet;86479;21739;25.14;64740;74.86;1266;1.46;1.96;616;0.71;0.95;62858;72.69;97.09
72;Sarthe;4;4ème circonscription;Complet;80884;20340;25.15;60544;74.85;1314;1.62;2.17;449;0.56;0.74;58781;72.67;97.09
72;Sarthe;5;5ème circonscription;Complet;87838;22734;25.88;65104;74.12;1412;1.61;2.17;450;0.51;0.69;63242;72;97.14
73;Savoie;1;1ère circonscription;Complet;92953;19459;20.93;73494;79.07;1194;1.28;1.62;425;0.46;0.58;71875;77.32;97.8
73;Savoie;2;2ème circonscription;Complet;76053;17535;23.06;58518;76.94;895;1.18;1.53;367;0.48;0.63;57256;75.28;97.84
73;Savoie;3;3ème circonscription;Complet;74202;15295;20.61;58907;79.39;945;1.27;1.6;357;0.48;0.61;57605;77.63;97.79
73;Savoie;4;4ème circonscription;Complet;77501;16640;21.47;60861;78.53;897;1.16;1.47;342;0.44;0.56;59622;76.93;97.96
74;Haute-Savoie;1;1ère circonscription;Complet;108221;21958;20.29;86263;79.71;1409;1.3;1.63;453;0.42;0.53;84401;77.99;97.84
74;Haute-Savoie;2;2ème circonscription;Complet;99727;21433;21.49;78294;78.51;1188;1.19;1.52;366;0.37;0.47;76740;76.95;98.02
74;Haute-Savoie;3;3ème circonscription;Complet;87640;18632;21.26;69008;78.74;1176;1.34;1.7;362;0.41;0.52;67470;76.99;97.77
74;Haute-Savoie;4;4ème circonscription;Complet;87885;22963;26.13;64922;73.87;1008;1.15;1.55;310;0.35;0.48;63604;72.37;97.97
74;Haute-Savoie;5;5ème circonscription;Complet;101119;24262;23.99;76857;76.01;1163;1.15;1.51;443;0.44;0.58;75251;74.42;97.91
74;Haute-Savoie;6;6ème circonscription;Complet;81073;20136;24.84;60937;75.16;974;1.2;1.6;290;0.36;0.48;59673;73.6;97.93
75;Paris;1;1ère circonscription;Complet;97799;19432;19.87;78367;80.13;898;0.92;1.15;416;0.43;0.53;77053;78.79;98.32
75;Paris;2;2ème circonscription;Complet;74549;14110;18.93;60439;81.07;556;0.75;0.92;156;0.21;0.26;59727;80.12;98.82
75;Paris;3;3ème circonscription;Complet;71219;15422;21.65;55797;78.35;619;0.87;1.11;231;0.32;0.41;54947;77.15;98.48
75;Paris;4;4ème circonscription;Complet;74018;15070;20.36;58948;79.64;504;0.68;0.85;171;0.23;0.29;58273;78.73;98.85
75;Paris;5;5ème circonscription;Complet;78763;16797;21.33;61966;78.67;565;0.72;0.91;199;0.25;0.32;61202;77.7;98.77
75;Paris;6;6ème circonscription;Complet;80319;17434;21.71;62885;78.29;680;0.85;1.08;193;0.24;0.31;62012;77.21;98.61
75;Paris;7;7ème circonscription;Complet;79551;15918;20.01;63633;79.99;635;0.8;1;177;0.22;0.28;62821;78.97;98.72
75;Paris;8;8ème circonscription;Complet;83848;18271;21.79;65577;78.21;765;0.91;1.17;1541;1.84;2.35;63271;75.46;96.48
75;Paris;9;9ème circonscription;Complet;70328;15717;22.35;54611;77.65;671;0.95;1.23;287;0.41;0.53;53653;76.29;98.25
75;Paris;10;10ème circonscription;Complet;69820;15846;22.7;53974;77.3;641;0.92;1.19;233;0.33;0.43;53100;76.05;98.38
75;Paris;11;11ème circonscription;Complet;72832;14079;19.33;58753;80.67;582;0.8;0.99;199;0.27;0.34;57972;79.6;98.67
75;Paris;12;12ème circonscription;Complet;76504;15284;19.98;61220;80.02;536;0.7;0.88;166;0.22;0.27;60518;79.1;98.85
75;Paris;13;13ème circonscription;Complet;77820;16678;21.43;61142;78.57;684;0.88;1.12;223;0.29;0.36;60235;77.4;98.52
75;Paris;14;14ème circonscription;Complet;75745;15491;20.45;60254;79.55;466;0.62;0.77;186;0.25;0.31;59602;78.69;98.92
75;Paris;15;15ème circonscription;Complet;78647;18551;23.59;60096;76.41;682;0.87;1.13;252;0.32;0.42;59162;75.22;98.45
75;Paris;16;16ème circonscription;Complet;74499;19782;26.55;54717;73.45;507;0.68;0.93;227;0.3;0.41;53983;72.46;98.66
75;Paris;17;17ème circonscription;Complet;61693;17560;28.46;44133;71.54;457;0.74;1.04;241;0.39;0.55;43435;70.41;98.42
75;Paris;18;18ème circonscription;Complet;70071;15226;21.73;54845;78.27;580;0.83;1.06;169;0.24;0.31;54096;77.2;98.63
76;Seine-Maritime;1;1ère circonscription;Complet;65926;17201;26.09;48725;73.91;637;0.97;1.31;195;0.3;0.4;47893;72.65;98.29
76;Seine-Maritime;2;2ème circonscription;Complet;95009;19925;20.97;75084;79.03;1157;1.22;1.54;375;0.39;0.5;73552;77.42;97.96
76;Seine-Maritime;3;3ème circonscription;Complet;69701;20535;29.46;49166;70.54;704;1.01;1.43;286;0.41;0.58;48176;69.12;97.99
76;Seine-Maritime;4;4ème circonscription;Complet;86745;24264;27.97;62481;72.03;1072;1.24;1.72;418;0.48;0.67;60991;70.31;97.62
76;Seine-Maritime;5;5ème circonscription;Complet;94939;22110;23.29;72829;76.71;1217;1.28;1.67;439;0.46;0.6;71173;74.97;97.73
76;Seine-Maritime;6;6ème circonscription;Complet;109738;26676;24.31;83062;75.69;1273;1.16;1.53;466;0.42;0.56;81323;74.11;97.91
76;Seine-Maritime;7;7ème circonscription;Complet;86451;23578;27.27;62873;72.73;1336;1.55;2.12;123;0.14;0.2;61414;71.04;97.68
76;Seine-Maritime;8;8ème circonscription;Complet;65385;21756;33.27;43629;66.73;931;1.42;2.13;45;0.07;0.1;42653;65.23;97.76
76;Seine-Maritime;9;9ème circonscription;Complet;95403;22237;23.31;73166;76.69;1167;1.22;1.6;368;0.39;0.5;71631;75.08;97.9
76;Seine-Maritime;10;10ème circonscription;Complet;109955;23865;21.7;86090;78.3;1488;1.35;1.73;443;0.4;0.51;84159;76.54;97.76
77;Seine-et-Marne;1;1ère circonscription;Complet;70749;19198;27.14;51551;72.86;702;0.99;1.36;288;0.41;0.56;50561;71.47;98.08
77;Seine-et-Marne;2;2ème circonscription;Complet;79578;18258;22.94;61320;77.06;924;1.16;1.51;272;0.34;0.44;60124;75.55;98.05
77;Seine-et-Marne;3;3ème circonscription;Complet;76911;18647;24.24;58264;75.76;996;1.3;1.71;316;0.41;0.54;56952;74.05;97.75
77;Seine-et-Marne;4;4ème circonscription;Complet;88433;21007;23.75;67426;76.25;1093;1.24;1.62;443;0.5;0.66;65890;74.51;97.72
77;Seine-et-Marne;5;5ème circonscription;Complet;87770;21554;24.56;66216;75.44;1053;1.2;1.59;1004;1.14;1.52;64159;73.1;96.89
77;Seine-et-Marne;6;6ème circonscription;Complet;81158;20935;25.8;60223;74.2;1056;1.3;1.75;324;0.4;0.54;58843;72.5;97.71
77;Seine-et-Marne;7;7ème circonscription;Complet;87147;20532;23.56;66615;76.44;1023;1.17;1.54;312;0.36;0.47;65280;74.91;98
77;Seine-et-Marne;8;8ème circonscription;Complet;94569;22504;23.8;72065;76.2;1185;1.25;1.64;356;0.38;0.49;70524;74.57;97.86
77;Seine-et-Marne;9;9ème circonscription;Complet;85866;21575;25.13;64291;74.87;1098;1.28;1.71;302;0.35;0.47;62891;73.24;97.82
77;Seine-et-Marne;10;10ème circonscription;Complet;81035;21407;26.42;59628;73.58;906;1.12;1.52;343;0.42;0.58;58379;72.04;97.91
77;Seine-et-Marne;11;11ème circonscription;Complet;66087;17555;26.56;48532;73.44;1021;1.54;2.1;185;0.28;0.38;47326;71.61;97.52
78;Yvelines;1;1ère circonscription;Complet;83285;17146;20.59;66139;79.41;788;0.95;1.19;276;0.33;0.42;65075;78.14;98.39
78;Yvelines;2;2ème circonscription;Complet;85933;16008;18.63;69925;81.37;877;1.02;1.25;287;0.33;0.41;68761;80.02;98.34
78;Yvelines;3;3ème circonscription;Complet;83249;16913;20.32;66336;79.68;751;0.9;1.13;241;0.29;0.36;65344;78.49;98.5
78;Yvelines;4;4ème circonscription;Complet;79851;16244;20.34;63607;79.66;737;0.92;1.16;234;0.29;0.37;62636;78.44;98.47
78;Yvelines;5;5ème circonscription;Complet;75287;16757;22.26;58530;77.74;701;0.93;1.2;205;0.27;0.35;57624;76.54;98.45
78;Yvelines;6;6ème circonscription;Complet;75603;17543;23.2;58060;76.8;515;0.68;0.89;374;0.49;0.64;57171;75.62;98.47
78;Yvelines;7;7ème circonscription;Complet;80234;19412;24.19;60822;75.81;921;1.15;1.51;287;0.36;0.47;59614;74.3;98.01
78;Yvelines;8;8ème circonscription;Complet;74215;20778;28;53437;72;734;0.99;1.37;309;0.42;0.58;52394;70.6;98.05
78;Yvelines;9;9ème circonscription;Complet;92669;21481;23.18;71188;76.82;1021;1.1;1.43;361;0.39;0.51;69806;75.33;98.06
78;Yvelines;10;10ème circonscription;Complet;91213;18162;19.91;73051;80.09;1049;1.15;1.44;305;0.33;0.42;71697;78.6;98.15
78;Yvelines;11;11ème circonscription;Complet;68878;16249;23.59;52629;76.41;692;1;1.31;318;0.46;0.6;51619;74.94;98.08
78;Yvelines;12;12ème circonscription;Complet;70828;15015;21.2;55813;78.8;815;1.15;1.46;233;0.33;0.42;54765;77.32;98.12
79;Deux-Sèvres;1;1ère circonscription;Complet;90470;19303;21.34;71167;78.66;1272;1.41;1.79;562;0.62;0.79;69333;76.64;97.42
79;Deux-Sèvres;2;2ème circonscription;Complet;98007;21113;21.54;76894;78.46;1359;1.39;1.77;938;0.96;1.22;74597;76.11;97.01
79;Deux-Sèvres;3;3ème circonscription;Complet;84737;18987;22.41;65750;77.59;1208;1.43;1.84;668;0.79;1.02;63874;75.38;97.15
80;Somme;1;1ère circonscription;Complet;83939;23842;28.4;60097;71.6;911;1.09;1.52;623;0.74;1.04;58563;69.77;97.45
80;Somme;2;2ème circonscription;Complet;77398;20666;26.7;56732;73.3;764;0.99;1.35;461;0.6;0.81;55507;71.72;97.84
80;Somme;3;3ème circonscription;Complet;82602;18888;22.87;63714;77.13;1155;1.4;1.81;683;0.83;1.07;61876;74.91;97.12
80;Somme;4;4ème circonscription;Complet;84900;19442;22.9;65458;77.1;1123;1.32;1.72;775;0.91;1.18;63560;74.86;97.1
80;Somme;5;5ème circonscription;Complet;81217;19849;24.44;61368;75.56;884;1.09;1.44;1072;1.32;1.75;59412;73.15;96.81
81;Tarn;1;1ère circonscription;Complet;84945;18571;21.86;66374;78.14;953;1.12;1.44;573;0.67;0.86;64848;76.34;97.7
81;Tarn;2;2ème circonscription;Complet;109393;22800;20.84;86593;79.16;1268;1.16;1.46;774;0.71;0.89;84551;77.29;97.64
81;Tarn;3;3ème circonscription;Complet;103840;21447;20.65;82393;79.35;1230;1.18;1.49;720;0.69;0.87;80443;77.47;97.63
82;Tarn-et-Garonne;1;1ère circonscription;Complet;92727;19842;21.4;72885;78.6;1062;1.15;1.46;569;0.61;0.78;71254;76.84;97.76
82;Tarn-et-Garonne;2;2ème circonscription;Complet;95979;19783;20.61;76196;79.39;1107;1.15;1.45;523;0.54;0.69;74566;77.69;97.86
83;Var;1;1ère circonscription;Complet;71825;20603;28.68;51222;71.32;709;0.99;1.38;222;0.31;0.43;50291;70.02;98.18
83;Var;2;2ème circonscription;Complet;91773;24766;26.99;67007;73.01;938;1.02;1.4;314;0.34;0.47;65755;71.65;98.13
83;Var;3;3ème circonscription;Complet;103747;25268;24.36;78479;75.64;1020;0.98;1.3;452;0.44;0.58;77007;74.23;98.12
83;Var;4;4ème circonscription;Complet;112039;29447;26.28;82592;73.72;1037;0.93;1.26;427;0.38;0.52;81128;72.41;98.23
83;Var;5;5ème circonscription;Complet;101179;25588;25.29;75591;74.71;883;0.87;1.17;413;0.41;0.55;74295;73.43;98.29
83;Var;6;6ème circonscription;Complet;126880;30569;24.09;96311;75.91;1249;0.98;1.3;524;0.41;0.54;94538;74.51;98.16
83;Var;7;7ème circonscription;Complet;104713;28665;27.37;76048;72.63;906;0.87;1.19;342;0.33;0.45;74800;71.43;98.36
83;Var;8;8ème circonscription;Complet;108748;26306;24.19;82442;75.81;1061;0.98;1.29;465;0.43;0.56;80916;74.41;98.15
84;Vaucluse;1;1ère circonscription;Complet;73360;21563;29.39;51797;70.61;658;0.9;1.27;255;0.35;0.49;50884;69.36;98.24
84;Vaucluse;2;2ème circonscription;Complet;85602;20254;23.66;65348;76.34;933;1.09;1.43;361;0.42;0.55;64054;74.83;98.02
84;Vaucluse;3;3ème circonscription;Complet;78463;18543;23.63;59920;76.37;804;1.02;1.34;387;0.49;0.65;58729;74.85;98.01
84;Vaucluse;4;4ème circonscription;Complet;90080;21110;23.43;68970;76.57;1110;1.23;1.61;359;0.4;0.52;67501;74.93;97.87
84;Vaucluse;5;5ème circonscription;Complet;84102;20180;23.99;63922;76.01;845;1;1.32;380;0.45;0.59;62697;74.55;98.08
85;Vendée;1;1ère circonscription;Complet;118122;26087;22.08;92035;77.92;1545;1.31;1.68;790;0.67;0.86;89700;75.94;97.46
85;Vendée;2;2ème circonscription;Complet;111779;24173;21.63;87606;78.37;1455;1.3;1.66;698;0.62;0.8;85453;76.45;97.54
85;Vendée;3;3ème circonscription;Complet;134805;30898;22.92;103907;77.08;1455;1.08;1.4;676;0.5;0.65;101776;75.5;97.95
85;Vendée;4;4ème circonscription;Complet;102337;20344;19.88;81993;80.12;1729;1.69;2.11;647;0.63;0.79;79617;77.8;97.1
85;Vendée;5;5ème circonscription;Complet;83920;19045;22.69;64875;77.31;1128;1.34;1.74;584;0.7;0.9;63163;75.27;97.36
86;Vienne;1;1ère circonscription;Complet;80217;17446;21.75;62771;78.25;1123;1.4;1.79;526;0.66;0.84;61122;76.2;97.37
86;Vienne;2;2ème circonscription;Complet;79056;16219;20.52;62837;79.48;1006;1.27;1.6;488;0.62;0.78;61343;77.59;97.62
86;Vienne;3;3ème circonscription;Complet;72854;15830;21.73;57024;78.27;1027;1.41;1.8;499;0.68;0.88;55498;76.18;97.32
86;Vienne;4;4ème circonscription;Complet;73884;18809;25.46;55075;74.54;897;1.21;1.63;489;0.66;0.89;53689;72.67;97.48
87;Haute-Vienne;1;1ère circonscription;Complet;84048;18351;21.83;65697;78.17;1156;1.38;1.76;660;0.79;1;63881;76.01;97.24
87;Haute-Vienne;2;2ème circonscription;Complet;97835;19226;19.65;78609;80.35;1464;1.5;1.86;999;1.02;1.27;76146;77.83;96.87
87;Haute-Vienne;3;3ème circonscription;Complet;81859;17907;21.88;63952;78.12;1167;1.43;1.82;694;0.85;1.09;62091;75.85;97.09
88;Vosges;1;1ère circonscription;Complet;76583;20050;26.18;56533;73.82;894;1.17;1.58;425;0.55;0.75;55214;72.1;97.67
88;Vosges;2;2ème circonscription;Complet;72321;18163;25.11;54158;74.89;873;1.21;1.61;609;0.84;1.12;52676;72.84;97.26
88;Vosges;3;3ème circonscription;Complet;63779;15238;23.89;48541;76.11;904;1.42;1.86;426;0.67;0.88;47211;74.02;97.26
88;Vosges;4;4ème circonscription;Complet;65230;15463;23.71;49767;76.29;760;1.17;1.53;414;0.63;0.83;48593;74.49;97.64
89;Yonne;1;1ère circonscription;Complet;74972;16833;22.45;58139;77.55;860;1.15;1.48;353;0.47;0.61;56926;75.93;97.91
89;Yonne;2;2ème circonscription;Complet;73405;17507;23.85;55898;76.15;854;1.16;1.53;399;0.54;0.71;54645;74.44;97.76
89;Yonne;3;3ème circonscription;Complet;89580;23209;25.91;66371;74.09;1001;1.12;1.51;430;0.48;0.65;64940;72.49;97.84
90;Territoire de Belfort;1;1ère circonscription;Complet;47406;11489;24.24;35917;75.76;640;1.35;1.78;259;0.55;0.72;35018;73.87;97.5
90;Territoire de Belfort;2;2ème circonscription;Complet;46318;10749;23.21;35569;76.79;602;1.3;1.69;331;0.71;0.93;34636;74.78;97.38
91;Essonne;1;1ère circonscription;Complet;71894;21996;30.6;49898;69.4;721;1;1.44;363;0.5;0.73;48814;67.9;97.83
91;Essonne;2;2ème circonscription;Complet;91510;20865;22.8;70645;77.2;1091;1.19;1.54;412;0.45;0.58;69142;75.56;97.87
91;Essonne;3;3ème circonscription;Complet;98234;21462;21.85;76772;78.15;1255;1.28;1.63;404;0.41;0.53;75113;76.46;97.84
91;Essonne;4;4ème circonscription;Complet;98220;20773;21.15;77447;78.85;1218;1.24;1.57;398;0.41;0.51;75831;77.21;97.91
91;Essonne;5;5ème circonscription;Complet;68179;13307;19.52;54872;80.48;638;0.94;1.16;200;0.29;0.36;54034;79.25;98.47
91;Essonne;6;6ème circonscription;Complet;82748;19089;23.07;63659;76.93;849;1.03;1.33;337;0.41;0.53;62473;75.5;98.14
91;Essonne;7;7ème circonscription;Complet;73017;19182;26.27;53835;73.73;810;1.11;1.5;319;0.44;0.59;52706;72.18;97.9
91;Essonne;8;8ème circonscription;Complet;75803;19369;25.55;56434;74.45;797;1.05;1.41;319;0.42;0.57;55318;72.98;98.02
91;Essonne;9;9ème circonscription;Complet;78393;18934;24.15;59459;75.85;870;1.11;1.46;335;0.43;0.56;58254;74.31;97.97
91;Essonne;10;10ème circonscription;Complet;61502;17223;28;44279;72;705;1.15;1.59;318;0.52;0.72;43256;70.33;97.69
92;Hauts-de-Seine;1;1ère circonscription;Complet;65200;18497;28.37;46703;71.63;801;1.23;1.72;206;0.32;0.44;45696;70.09;97.84
92;Hauts-de-Seine;2;2ème circonscription;Complet;69068;13416;19.42;55652;80.58;795;1.15;1.43;216;0.31;0.39;54641;79.11;98.18
92;Hauts-de-Seine;3;3ème circonscription;Complet;82192;16920;20.59;65272;79.41;1131;1.38;1.73;135;0.16;0.21;64006;77.87;98.06
92;Hauts-de-Seine;4;4ème circonscription;Complet;80000;19324;24.16;60676;75.85;959;1.2;1.58;167;0.21;0.28;59550;74.44;98.14
92;Hauts-de-Seine;5;5ème circonscription;Complet;75230;16236;21.58;58994;78.42;677;0.9;1.15;232;0.31;0.39;58085;77.21;98.46
92;Hauts-de-Seine;6;6ème circonscription;Complet;75664;13954;18.44;61710;81.56;702;0.93;1.14;205;0.27;0.33;60803;80.36;98.53
92;Hauts-de-Seine;7;7ème circonscription;Complet;87577;17457;19.93;70120;80.07;858;0.98;1.22;231;0.26;0.33;69031;78.82;98.45
92;Hauts-de-Seine;8;8ème circonscription;Complet;67791;12784;18.86;55007;81.14;758;1.12;1.38;110;0.16;0.2;54139;79.86;98.42
92;Hauts-de-Seine;9;9ème circonscription;Complet;63115;11573;18.34;51542;81.66;841;1.33;1.63;0;0;0;50701;80.33;98.37
92;Hauts-de-Seine;10;10ème circonscription;Complet;79139;15830;20;63309;80;1249;1.58;1.97;89;0.11;0.14;61971;78.31;97.89
92;Hauts-de-Seine;11;11ème circonscription;Complet;70156;15494;22.09;54662;77.91;656;0.94;1.2;304;0.43;0.56;53702;76.55;98.24
92;Hauts-de-Seine;12;12ème circonscription;Complet;92940;19067;20.52;73873;79.48;1018;1.1;1.38;327;0.35;0.44;72528;78.04;98.18
92;Hauts-de-Seine;13;13ème circonscription;Complet;89595;18238;20.36;71357;79.64;1396;1.56;1.96;72;0.08;0.1;69889;78.01;97.94
93;Seine-Saint-Denis;1;1ère circonscription;Complet;66497;20200;30.38;46297;69.62;503;0.76;1.09;343;0.52;0.74;45451;68.35;98.17
93;Seine-Saint-Denis;2;2ème circonscription;Complet;54675;18566;33.96;36109;66.04;507;0.93;1.4;275;0.5;0.76;35327;64.61;97.83
93;Seine-Saint-Denis;3;3ème circonscription;Complet;75048;18893;25.17;56155;74.83;810;1.08;1.44;336;0.45;0.6;55009;73.3;97.96
93;Seine-Saint-Denis;4;4ème circonscription;Complet;64751;22303;34.44;42448;65.56;698;1.08;1.64;201;0.31;0.47;41549;64.17;97.88
93;Seine-Saint-Denis;5;5ème circonscription;Complet;64548;22265;34.49;42283;65.51;604;0.94;1.43;324;0.5;0.77;41355;64.07;97.81
93;Seine-Saint-Denis;6;6ème circonscription;Complet;57423;17978;31.31;39445;68.69;432;0.75;1.1;236;0.41;0.6;38777;67.53;98.31
93;Seine-Saint-Denis;7;7ème circonscription;Complet;79806;21386;26.8;58420;73.2;738;0.92;1.26;231;0.29;0.4;57451;71.99;98.34
93;Seine-Saint-Denis;8;8ème circonscription;Complet;61152;16734;27.36;44418;72.64;834;1.36;1.88;168;0.27;0.38;43416;71;97.74
93;Seine-Saint-Denis;9;9ème circonscription;Complet;73220;20444;27.92;52776;72.08;633;0.86;1.2;302;0.41;0.57;51841;70.8;98.23
93;Seine-Saint-Denis;10;10ème circonscription;Complet;68904;21305;30.92;47599;69.08;637;0.92;1.34;260;0.38;0.55;46702;67.78;98.12
93;Seine-Saint-Denis;11;11ème circonscription;Complet;62978;20094;31.91;42884;68.09;605;0.96;1.41;309;0.49;0.72;41970;66.64;97.87
93;Seine-Saint-Denis;12;12ème circonscription;Complet;64927;19759;30.43;45168;69.57;606;0.93;1.34;259;0.4;0.57;44303;68.24;98.08
94;Val-de-Marne;1;1ère circonscription;Complet;84314;18485;21.92;65829;78.08;884;1.05;1.34;325;0.39;0.49;64620;76.64;98.16
94;Val-de-Marne;2;2ème circonscription;Complet;65115;17699;27.18;47416;72.82;624;0.96;1.32;327;0.5;0.69;46465;71.36;97.99
94;Val-de-Marne;3;3ème circonscription;Complet;73200;19152;26.16;54048;73.84;913;1.25;1.69;307;0.42;0.57;52828;72.17;97.74
94;Val-de-Marne;4;4ème circonscription;Complet;73434;16897;23.01;56537;76.99;879;1.2;1.55;291;0.4;0.51;55367;75.4;97.93
94;Val-de-Marne;5;5ème circonscription;Complet;89753;22546;25.12;67207;74.88;1005;1.12;1.5;254;0.28;0.38;65948;73.48;98.13
94;Val-de-Marne;6;6ème circonscription;Complet;81755;17424;21.31;64331;78.69;798;0.98;1.24;265;0.32;0.41;63268;77.39;98.35
94;Val-de-Marne;7;7ème circonscription;Complet;65949;17467;26.49;48482;73.51;730;1.11;1.51;260;0.39;0.54;47492;72.01;97.96
94;Val-de-Marne;8;8ème circonscription;Complet;77989;16711;21.43;61278;78.57;832;1.07;1.36;297;0.38;0.48;60149;77.12;98.16
94;Val-de-Marne;9;9ème circonscription;Complet;53579;14659;27.36;38920;72.64;545;1.02;1.4;285;0.53;0.73;38090;71.09;97.87
94;Val-de-Marne;10;10ème circonscription;Complet;66555;17572;26.4;48983;73.6;622;0.93;1.27;292;0.44;0.6;48069;72.22;98.13
94;Val-de-Marne;11;11ème circonscription;Complet;64443;16797;26.06;47646;73.94;669;1.04;1.4;215;0.33;0.45;46762;72.56;98.14
95;Val-d'Oise;1;1ère circonscription;Complet;82122;18744;22.82;63378;77.18;997;1.21;1.57;325;0.4;0.51;62056;75.57;97.91
95;Val-d'Oise;2;2ème circonscription;Complet;77842;18684;24;59158;76;892;1.15;1.51;353;0.45;0.6;57913;74.4;97.9
95;Val-d'Oise;3;3ème circonscription;Complet;93965;22499;23.94;71466;76.06;1089;1.16;1.52;368;0.39;0.51;70009;74.51;97.96
95;Val-d'Oise;4;4ème circonscription;Complet;75211;18415;24.48;56796;75.52;845;1.12;1.49;274;0.36;0.48;55677;74.03;98.03
95;Val-d'Oise;5;5ème circonscription;Complet;68637;20266;29.53;48371;70.47;572;0.83;1.18;249;0.36;0.51;47550;69.28;98.3
95;Val-d'Oise;6;6ème circonscription;Complet;75004;19594;26.12;55410;73.88;749;1;1.35;267;0.36;0.48;54394;72.52;98.17
95;Val-d'Oise;7;7ème circonscription;Complet;68851;18507;26.88;50344;73.12;719;1.04;1.43;289;0.42;0.57;49336;71.66;98
95;Val-d'Oise;8;8ème circonscription;Complet;54208;18154;33.49;36054;66.51;510;0.94;1.41;285;0.53;0.79;35259;65.04;97.79
95;Val-d'Oise;9;9ème circonscription;Complet;70142;20049;28.58;50093;71.42;810;1.15;1.62;426;0.61;0.85;48857;69.65;97.53
95;Val-d'Oise;10;10ème circonscription;Complet;67547;17941;26.56;49606;73.44;844;1.25;1.7;228;0.34;0.46;48534;71.85;97.84
ZA;Guadeloupe;1;1ère circonscription;Complet;76035;42997;56.55;33038;43.45;656;0.86;1.99;959;1.26;2.9;31423;41.33;95.11
ZA;Guadeloupe;2;2ème circonscription;Complet;87612;48372;55.21;39240;44.79;775;0.88;1.98;970;1.11;2.47;37495;42.8;95.55
ZA;Guadeloupe;3;3ème circonscription;Complet;84220;44691;53.06;39529;46.94;674;0.8;1.71;876;1.04;2.22;37979;45.09;96.08
ZA;Guadeloupe;4;4ème circonscription;Complet;68156;38532;56.54;29624;43.46;614;0.9;2.07;822;1.21;2.77;28188;41.36;95.15
ZB;Martinique;1;1ère circonscription;Complet;80037;44808;55.98;35229;44.02;1154;1.44;3.28;823;1.03;2.34;33252;41.55;94.39
ZB;Martinique;2;2ème circonscription;Complet;80281;45409;56.56;34872;43.44;1111;1.38;3.19;924;1.15;2.65;32837;40.9;94.16
ZB;Martinique;3;3ème circonscription;Complet;60281;34779;57.69;25502;42.31;840;1.39;3.29;531;0.88;2.08;24131;40.03;94.62
ZB;Martinique;4;4ème circonscription;Complet;83995;49592;59.04;34403;40.96;896;1.07;2.6;778;0.93;2.26;32729;38.97;95.13
ZC;Guyane;1;1ère circonscription;Complet;56628;32823;57.96;23805;42.04;556;0.98;2.34;377;0.67;1.58;22872;40.39;96.08
ZC;Guyane;2;2ème circonscription;Complet;46365;32931;71.03;13434;28.97;269;0.58;2;176;0.38;1.31;12989;28.01;96.69
ZD;La Réunion;1;1ère circonscription;Complet;85236;37505;44;47731;56;965;1.13;2.02;729;0.86;1.53;46037;54.01;96.45
ZD;La Réunion;2;2ème circonscription;Complet;98707;47870;48.5;50837;51.5;1100;1.11;2.16;1203;1.22;2.37;48534;49.17;95.47
ZD;La Réunion;3;3ème circonscription;Complet;96040;41754;43.48;54286;56.52;1207;1.26;2.22;1462;1.52;2.69;51617;53.75;95.08
ZD;La Réunion;4;4ème circonscription;Complet;108575;44701;41.17;63874;58.83;1354;1.25;2.12;1648;1.52;2.58;60872;56.06;95.3
ZD;La Réunion;5;5ème circonscription;Complet;87334;44067;50.46;43267;49.54;778;0.89;1.8;1047;1.2;2.42;41442;47.45;95.78
ZD;La Réunion;6;6ème circonscription;Complet;81747;39895;48.8;41852;51.2;756;0.92;1.81;765;0.94;1.83;40331;49.34;96.37
ZD;La Réunion;7;7ème circonscription;Complet;117900;57367;48.66;60533;51.34;1201;1.02;1.98;1399;1.19;2.31;57933;49.14;95.7
ZM;Mayotte;1;1ère circonscription;Complet;42446;25697;60.54;16749;39.46;427;1.01;2.55;555;1.31;3.31;15767;37.15;94.14
ZM;Mayotte;2;2ème circonscription;Complet;49741;29327;58.96;20414;41.04;495;1;2.42;636;1.28;3.12;19283;38.77;94.46
ZN;Nouvelle-Calédonie;1;1ère circonscription;Complet;96762;61832;63.9;34930;36.1;764;0.79;2.19;219;0.23;0.63;33947;35.08;97.19
ZN;Nouvelle-Calédonie;2;2ème circonscription;Complet;122011;83975;68.83;38036;31.17;1013;0.83;2.66;470;0.39;1.24;36553;29.96;96.1
ZP;Polynésie française;1;1ère circonscription;Complet;71957;45693;63.5;26264;36.5;551;0.77;2.1;1153;1.6;4.39;24560;34.13;93.51
ZP;Polynésie française;2;2ème circonscription;Complet;67010;49254;73.5;17756;26.5;457;0.68;2.57;476;0.71;2.68;16823;25.11;94.75
ZP;Polynésie française;3;3ème circonscription;Complet;66609;47174;70.82;19435;29.18;482;0.72;2.48;306;0.46;1.57;18647;27.99;95.95
ZS;Saint-Pierre-et-Miquelon;1;Saint-Pierre-et-Miquelon;Complet;5045;2272;45.03;2773;54.97;47;0.93;1.69;25;0.5;0.9;2701;53.54;97.4
ZW;Wallis et Futuna;1;1ère circonscription;Complet;9528;4125;43.29;5403;56.71;27;0.28;0.5;17;0.18;0.31;5359;56.24;99.19
ZX;Saint-Martin/Saint-Barthélemy;1;1ère circonscription;Complet;24414;15812;64.77;8602;35.23;150;0.61;1.74;84;0.34;0.98;8368;34.28;97.28
ZZ;Français établis hors de France;1;1ère circonscription;Complet;237907;161601;67.93;76306;32.07;460;0.19;0.6;312;0.13;0.41;75534;31.75;98.99
ZZ;Français établis hors de France;2;2ème circonscription;Complet;75356;57157;75.85;18199;24.15;116;0.15;0.64;176;0.23;0.97;17907;23.76;98.4
ZZ;Français établis hors de France;3;3ème circonscription;Complet;146874;96470;65.68;50404;34.32;264;0.18;0.52;272;0.19;0.54;49868;33.95;98.94
ZZ;Français établis hors de France;4;4ème circonscription;Complet;146858;81205;55.29;65653;44.71;345;0.23;0.53;164;0.11;0.25;65144;44.36;99.22
ZZ;Français établis hors de France;5;5ème circonscription;Complet;104058;70338;67.59;33720;32.41;249;0.24;0.74;95;0.09;0.28;33376;32.07;98.98
ZZ;Français établis hors de France;6;6ème circonscription;Complet;148654;83136;55.93;65518;44.07;390;0.26;0.6;270;0.18;0.41;64858;43.63;98.99
ZZ;Français établis hors de France;7;7ème circonscription;Complet;122158;69559;56.94;52599;43.06;247;0.2;0.47;208;0.17;0.4;52144;42.69;99.13
ZZ;Français établis hors de France;8;8ème circonscription;Complet;130065;106455;81.85;23610;18.15;150;0.12;0.64;109;0.08;0.46;23351;17.95;98.9
ZZ;Français établis hors de France;9;9ème circonscription;Complet;121122;81344;67.16;39778;32.84;298;0.25;0.75;178;0.15;0.45;39302;32.45;98.8
ZZ;Français établis hors de France;10;10ème circonscription;Complet;103910;63575;61.18;40335;38.82;365;0.35;0.9;191;0.18;0.47;39779;38.28;98.62
ZZ;Français établis hors de France;11;11ème circonscription;Complet;98784;60615;61.36;38169;38.64;309;0.31;0.81;172;0.17;0.45;37688;38.15;98.74
